name,river,state,type,height_m,length_m,storage_mcm,lat,lon,verified,year_completed,notes
Teesta III,Teesta,Sikkim,concrete-face rockfill,88.5,3805,,27.585,88.772,false,2020,"destroyed by the 4 Oct 2023 South Lhonak GLOF; run-of-river scheme with small storage - verify against NRLD"
South Lhonak Lake,Lhonak Chu / Teesta,Sikkim,moraine glacial lake,,,,27.9144,88.1836,true,,"source of the 4 Oct 2023 GLOF; pre-event lake volume ~58-65 Mm3 per Sattar et al. 2021 / ISRO - verify before quoting"
Machhu-II,Machhu,Gujarat,earthfill,25.6,3571,99.2,22.810,70.902,false,1972,"breached 11 Aug 1979 (Morbi disaster); coordinates approximate - snap to reservoir; verify NRLD"
Tehri,Bhagirathi,Uttarakhand,rockfill,260.5,575,3540,30.381,78.281,false,2005,"height/live storage to verify vs NRLD (values quoted from memory)"
Bhakra,Sutlej,Punjab,concrete gravity,226,518,9621,31.245,76.433,false,1963,"Gobind Sagar gross storage ~9.6 km3 - verify"
Sardar Sarovar,Narmada,Gujarat,concrete gravity,163,1210,9500,21.493,73.438,false,1987,"gross storage ~0.95 M ha-m - verify"
Hirakud,Mahanadi,Odisha,earth-cum-masonry,58.5,4800,8136,21.527,83.748,false,1957,"one of the longest dams; gross ~8,136 Mm3 - verify"
Nagarjuna Sagar,Krishna,Telangana,masonry,124.7,1450,11562,16.574,79.312,false,1967,"gross ~405 TMC - verify"
Idukki,Periyar,Kerala,concrete arch,168.9,366,1996,9.848,76.966,false,1974,"verify"
Mettur,Cauvery,Tamil Nadu,masonry,65,1700,2641,11.795,77.802,false,1934,"Stanley reservoir ~93.5 TMC - verify"
Ukai,Tapi,Gujarat,earth-cum-masonry,68.6,4927,8510,21.242,73.579,false,1972,"verify"
Rihand,Rihand,Uttar Pradesh,concrete gravity,91.4,934,10556,24.124,82.162,false,1962,"Govind Ballabh Pant Sagar - verify"
Maithon,Barakar,Jharkhand,earth-cum-masonry,50,4789,109,23.773,86.815,false,1957,"DVC; verify"
Panchet,Damodar,Jharkhand,earth-cum-masonry,49,6777,288,23.649,86.750,false,1959,"DVC; verify"
